title,content,date,url
"현대차-사우디 국부펀드 합작, 중동 지역 최초 현대차 생산 거점 구축"," [OSEN=강희수 기자] 현대차와 사우디 국부펀드가 합작한 중동 지역 최초 현대차 생산 거점이 건립된다. 현지시간 14일, 사우디아라비아 킹 살만 자동차 산업단지(King Salman Automotive Cluster)에서 공장 착공식이 열렸다. 이 공장은 현대자동차가 사우디아라비아 국부펀드(PIF, Public Investment Fund)와 협력해 중동 지역에 건립하는 현대차의 생산 거점이다. 이를 통해 현대차는 사우디아라비아 대표 브랜드로 도약하기 위한 기반을 확보하고, 사우디아라비아는 자동차 산업 발전을 위한 중요한 이정표를 마련한다. 현대차 사우디아라비아 생산법인(HMMME, Hyundai Motor Manufacturing Middle East) 부지는 킹 살만 자동차 산업단지 내에 마련됐다. 킹 살만 자동차 산업단지는 사우디아라비아가 자동차 산업 발전을 목표로 킹 압둘라 경제도시(KAEC, King Abdullah Economic City)에 신규 조성한 사우디아라비아 자동차 제조 허브이다. HMMME는 현대차가 30%, 사우디아라비아 국부펀드가 70%의 지분을 보유한 합작 생산법인이며, 2026년 4분기 가동을 목표로 연간 5만대 규모의 전기차 및 내연기관차를 혼류 생산할 수 있는 공장으로 건설된다. 이날 착공식에는 반다르 이브라힘 알코라예프(Bandar Ibrahim Al-Khorayef) 산업광물자원부 장관, 야지드 알후미에드(Yazeed A. Al-Humied) 사우디아라비아 국부펀드 부총재, 문병준 주사우디아라비아 대한민국 대사 대리, 장재훈 현대차그룹 부회장 등 한국과 사우디아라비아 주요 인사와 관계자 200여 명이 참석했다.  야지드 알후미에드 사우디아라비아 국부펀드 부총재는 “HMMME는 사우디아라비아 자동차 산업 발전을 위한 중요한 이정표가 될 것”이라며 “현대차와의 지속적인 파트너십을 통해 사우디아라비아 모빌리티 생태계 성장을 가속화하겠다”라고 말했다. 야지드 알후미에드 부총재는 “현대차와의 협력은 사우디아라비아 자동차 산업의 기술 역량 강화와 우수 인재 육성을 위한 사우디아라비아 국부펀드의 확고한 의지를 입증하는 사례”라고 덧붙였다. 장재훈 부회장은 축사에서 “이번 착공식은 현대차와 사우디아라비아 모두에게 새로운 시대의 시작을 의미한다”라며 “우리는 미래 모빌리티와 기술 혁신의 새로운 장을 열기 위한 초석을 놓을 것”이라고 강조했다. 장재훈 부회장은 “HMMME가 사우디아라비아의 ‘비전 2030’에 부응해 모빌리티 기술 개발 역량을 갖춘 현지 인재 양성 등에도 기여할 수 있기를 바란다”라고 부연했다. 사우디아라비아는 기존 에너지 중심 산업 구조를 제조업, 수소에너지 등으로 다변화하기 위해 국가 발전 프로젝트인 ‘비전 2030’을 추진하고 있으며, 이번 협력은 비전 2030의 핵심 주체인 사우디아라비아 국부펀드가 자동차 산업 강화를 목표로 실행 중인 중점 사업 중 하나이다. 현대차는 사우디아라비아 국부펀드와 함께 현대차의 혁신 제조기술과 사우디의 우수 인재 및 인프라 등을 결합해, HMMME를 사우디아라비아 모빌리티 생태계의 성장과 발전을 가속화하는 핵심 거점으로 구축한다는 계획이다. /100c@osen.co.kr",2025-05-15,http://v.daum.net/v/20250515081318686
"현대차그룹 5번째 금융사 '잰걸음'…현대얼터너티브, 상표권 출원"," 오늘(15일) 업계에 따르면 현대얼터너티브는 지난달 30일 상표권을 출원했습니다. 현대카드, 현대캐피탈, 현대커머셜 등 현대차그룹 금융계열사들과 같은 형태의 상표로, 색깔은 자주색 계열입니다. 현대카드는 검은색, 현대캐피탈과 현대커머셜은 각각 파란색, 주황색 상표입니다. 현대얼터너티브는 자산운용사로, 현대카드·현대캐피탈·현대커머셜·현대차증권에 이은 5번째 현대자동차그룹 금융 계열사입니다. 현대차그룹의 첫 자산운용사인 만큼 계열사 자산 운용을 통한 시너지를 모색할 것으로 보입니다. 현대얼터너티브는 지난 1월 총 30억원의 자본금으로 설립됐고 현대카드가 51%, 현대커머셜이 49%를 투자했습니다. 현대카드 지분 약 35%를 보유한 현대커머셜이 해외 PEF 등 투자금융 부문을 지속 확대하고 있는 만큼 현대얼터너티브 운영의 '키'를 잡을 것이라는 관측도 나옵니다. 초대 대표이사는 이용규 전 마스턴투자운용 전무가 맡습니다. 마스턴투자운용에서 캐피탈마켓 부문의 부대표를 지낸 뒤 지난해 10월 현대커머셜로 영입돼 신사업실장을 맡아왔습니다. 상표권 출원과 더불어 현대얼터너티브는 현재 금융당국의 자산운용사 등록 심사 절차도 밟고 있습니다. 인가가 아닌 등록 절차이지만 금융감독원은 대주주 적격성이나 자금 출처 등을 따져볼 계획입니다. 규정상 등록 심사 기간은 2개월인데, 사실 관계 조회 등의 기간은 유예되기에 심사가 길어질 가능성도 배제할 수 없습니다. 금융감독원 관계자도 ""규정 기간은 있지만 사안별로 다르다 보니 심사 종료 시점을 예단하기는 쉽지 않다""고 설명했습니다. 현대얼터너티브는 등록 심사 과정을 밟으면서 운용역 영입이나 계열사 자산 이관 등에도 순차적으로 나설 전망입니다. 저작권자 SBS미디어넷 & SBSi 무단전재-재배포 금지",2025-05-15,http://v.daum.net/v/20250515161007630
"HD현대, 조선소에 AI 도입 박차⋯휴머노이드 개발도","[아이뉴스24 최란 기자] HD현대가 선박 건조 현장에 인공지능(AI) 등 첨단 기술 도입에 나서며 조선업 혁신에 박차를 가하고 있다.  HD현대는 오는 2030년까지 울산 조선소를 '지능형 자율 운영 조선소'로 구현하기 위한 계획을 추진 중이다. 지능형 자율 운영 조선소는 설계부터 인도까지 모든 공정에 시뮬레이션 검증을 도입해 공정 지연과 사람의 개입을 최소화한다. 회사는 생산성이 30％ 오르고 선박 건조 기간도 30％ 단축될 것으로 기대하고 있다. 김영옥 HD현대 인공지능최고책임자(CAIO)는 14일에도 HD현대 울산조선소를 찾았다고 전했다. 김 CAIO는 ""울산을 자주 가고 있다""며 ""현장에서 경영진을 만나 AI를 어떤 부분에 적용하면 좋을지 의견을 나누고 있다. 공정 생산 유통 설계 등 전 분야에서 AI를 통해 혁신해야한다는 컨센서스가 많다""고 말했다. 그는 ""전방위적으로 많은 고민을 하고 있다. 단순히 한 분야가 아니라 생산 쪽은 물론이고 설계 부문까지 폭넓게 살펴보고 있다""며 ""조선업에서 가장 중요한 건 리드 타임""이라고 말했다. 이어 ""전체 공정을 얼마나 빠르게 마무리하느냐가 중요한데, 이 리드 타임을 줄이는 것이 영업이익이나 비용 절감 측면에서 굉장히 중요한 요소로 작용한다""며 ""그래서 현재는 생산 현장에서 리드 타임을 줄이고 동시에 업무 효율을 높일 수 있는 방법들을 전방위적으로 모색하고 있다""고 덧붙였다. 그는 AI의 이용이 탄소 배출 감소에도 큰 도움이 될 수 있다고 말했다. 그러면서 지난해 개발한 '오션와이즈'를 언급했다. 오션와이즈는 AI를 활용해 선박에 최적의 운항 경로를 제공하는 이른바 '바다용 내비게이션'이다. 출발과 도착 일정, 날씨와 항로, 화물량 등을 분석해 최적의 경로를 추천한다. 김 CAIO는 ""선박은 운항할 때 디젤 연료를 굉장히 많이 사용한다. 예를 들어 울산에서 롱비치까지 항해한다고 하면 연료비만 수십억원에서, 많게는 100억원대에 이를 정도로 비용이 크다""고 설명했다. 그러면서 ""이런 상황에서 연료 사용을 조금이라도 줄일 수 있다면 그것만으로도 탄소 저감에 크게 기여할 수 있다""며 ""현재는 소프트웨어 기반으로 연료를 덜 쓰면서도 효율적으로 항해할 수 있는 최적의 항로를 제공하는 시스템을 개발하고 있고 항만에서 대기 시간을 줄이는 기술도 함께 추진 중""이라고 부연했다. 또 ""대기 시간이 길수록 연료 소모가 많아지기 때문에, 이를 줄이는 것도 탄소 저감과 직결된다. 이처럼 AI와 소프트웨어 기술을 통해 연료 절감과 운영 효율을 동시에 높이는 방향으로 사업을 진행하고 있다""고 말했다. 최근 HD현대는 국내 최초로 조선업에 특화된 AI 기반 용접 휴머노이드 개발을 공식화한다고 밝히기도 했다. 지난 8일 HD현대의 조선·기계 중간지주사인 HD한국조선해양과 자회사 HD현대로보틱스는 AI 휴머노이드 전문기업 '페르소나 AI', 로봇 엔지니어링 기업 '바질컴퍼니'와 '조선 용접용 휴머노이드 개발을 위한 업무협약(MOU)'을 체결했다. 김 CAIO는 ""당장 휴머노이드 로봇을 현장에 투입하는 것은 아니지만 미래 관점에서 계속해 연구하고 개발할 것""이라며 ""AI 등을 통해 생산성을 극대화 뿐 아니라, 사람이 더 효율적이고 안전하게 일할 수 있는 환경을 만들 것""이라고 밝혔다.",2025-05-15,http://v.daum.net/v/20250515073041895
"전북현대 티셔츠 입고, 전북현대 맥주 마시기…'JB Homies; 너x나=우리' 브랜드 컬래버레이션"," [풋볼리스트] 김희준 기자= 전북현대가 브랜드 컬래버레이션 프로젝트를 실시한다. 16일 전북은 보도자료를 통해 ""국내 대표 브랜드와 함께 '친한 친구'를 뜻하는 'Homies(호미스)'를 이번 프로젝트 타이틀에 적용해 'JB Homies; 너 × 나 = 우리' 이름으로 컬래버레이션 아이템을 개발했다""라고 밝혔다. 전북은 구단 굿즈를 통해 팬심을 적극 표현하는 젊은 스포츠 팬들의 트렌드를 반영해 라이프 스타일에 전북을 적용한 '무신사 전주성 티셔츠'와 '테라 전북현대 에디션' 상품을 출시한다. 먼저 '무신사 전주성 티셔츠'는 국내 최대 패션 플랫폼 무신사가 전북 홈구장인 전주성을 그래픽 디자인해 제작한 티셔츠다. '무신사 전주성 티셔츠'는 오는 19일 오전 11시 무신사 전북현대모터스FC 브랜드숍을 통해 단독 판매하며 수량은 블랙과 화이트 각각 100장씩 한정 판매한다.   두 번째 아이템으로 하이트진로와 협업해 제작된 '테라 전북현대 에디션'은 전북 유니폼 배번에 적용된 도트 그래픽을 맥주 캔에 디자인해 만든 맥주다. 전북과 테라는 시그니처 컬러가 녹색으로 동일해 디자인의 조화가 더욱 어우러져 성인 팬들의 많은 사랑을 받을 것으로 보인다. '테라 전북현대 에디션'은 24만 캔 한정 수량으로 제작되며 오는 21일부터 전라북도 내 중심의 대형마트와 중소형 마트에서만 구매가 가능하다. 이도현 전북 단장은 ""이번 프로젝트로 전북현대가 팬들의 라이프 스타일에 더욱 가까이 다가가는 좋은 계기가 될 것""이라며 ""팬들이 더 다양하고 많은 곳에서 전북현대의 브랜드를 접하고 경험할 수 있도록 지속적인 노력을 하겠다""라고 말했다. 사진= 전북현대 제공",2025-05-16,http://v.daum.net/v/20250516150600861
"'오일머니' 정조준한 현대차…""국내서도 올 24조 투자"" [현대차, 사우디 공장 착공]"," ■주요 대륙 생산거점 완성 장재훈 현대차그룹 부회장은 14일(현지시간) 사우디아라비아 킹살만자동차산업단지에 위치한 현대차 사우디아라비아 생산법인(HMMME) 부지에서 공장 착공식을 마친 후 국내 언론과 인터뷰를 갖고 ""글로벌 성장이 제일 우선적이라고 보고 있다""고 강조했다. 최근 '현대차그룹 메타플랜트 아메리카(HMGMA)'를 비롯한 미국 신공장과 인도 지역에도 추가 생산능력을 확충한 데 이어 이번에는 사우디아라비아 현지 공장 구축으로 국내 사업장이 위축되는 것 아니냐는 우려에 대해 장 부회장은 ""해외 투자로 인해서 국내 투자가 소외되거나 위축되리라고는 전혀 생각하지 않고 있다""는 점을 재차 강조했다. 현대차그룹은 올해 국내에 역대 최대 규모인 24조3000억원을 투자할 계획이다. 지난해 20조4000억원보다 약 19%를 더 증액했다. 향후 4년간 31조원 투자계획을 밝힌 미국과 비교해도 뒤지지 않는다는 것이 장 부회장의 설명이다. 실제 현대차그룹의 글로벌 생산거점 중에서도 가장 많은 차량을 생산하는 곳은 여전히 한국이다. 현대차의 사업보고서에 따르면 지난해 기준 우리나라에서 생산된 차량은 185만8136대로 인도(76만7000대), 미국(36만1632대), 체코(33만890대) 등 주요 해외 공장 생산량을 압도한다. 기아도 마찬가지다. 지난해 우리나라에서 154만8219대의 차량이 만들어져 미국(34만4100대), 슬로바키아(35만1270대), 멕시코(27만700대) 등을 훌쩍 뛰어넘었다. 아울러 현대차는 울산에 수소연료전지 공장 건설을 추진하고 있고, 연내 전기차 전용공장 건설도 마무리할 계획이다. 기아도 경기 화성에 첫 번째 목적기반차(PBV) 전용공장 완공을 앞두고 있다. ■도요타 제치고 1위 노린다 현대차는 사우디아라비아 생산공장을 교두보 삼아 2030년 300만대까지 커질 것으로 예상되는 중동 시장과 더 나아가 아프리카 시장까지 공략할 계획이다. 현대차의 사우디아라비아 현지 브랜드 인지도는 이미 꾸준히 올라가고 있다. 사우디아라비아 판매량(소매 기준)도 지난 2022년 9만1510대에서 2024년 13만5878대로 3년 새 48.4% 급증했다. 지난해 사우디아라비아 판매업체별 점유율은 28.0%인 일본 도요타에 이어 현대차가 15.6%로 2위, 기아가 7.6%로 3위다. 현대차·기아 합산 점유율은 23.2%로 1위 도요타와의 격차가 4.8%p에 불과하다. 그동안 사우디아라비아 물량은 주로 인도 등에서 생산해 들여왔다. 내년 4·4분기 신공장을 완공하고 생산이 본격화할 경우 높아지는 현지 수요에도 더 유연하게 대응할 수 있게 될뿐더러 물류비 등 생산비도 줄일 수 있게 된다. 이를 통해 점유율 1위를 노리겠다는 전략이다. 업계 관계자는 ""중동은 오일머니 등 구매력이 높아 잠재력이 큰 시장""이라며 ""현대차 중동 판매물량에서도 사우디아라비아 물량이 절대적으로 많은 만큼 사우디아라비아로 한 것은 자연스러운 선택""이라고 설명했다. one1@fnnews.com 정원일 최종근 기자",2025-05-15,http://v.daum.net/v/20250515190451896
"장재훈 현대차 부회장 ""국내투자 위축 없다…사우디 영향력 커"""," 현대차는 이날 사우디아라비아 킹 살만 자동차 산업단지에 위치한 현대차 사우디아라비아 생산법인 부지에서 공장 착공식을 개최했다. 장 부회장은 ""글로벌로는 성장이 제일 우선적이라고 보고 있다""면서 ""국내에도 지속적인 투자를 더 할 생각""이라고 말했다. 장 부회장은 ""예를 들어 그룹 차원에서 올해 약 25조원 정도의 전체 투자 계획을 갖고 있다""면서 ""굳이 미국과 비교한다면 4년 동안 31조원 투자를 발표한 부분이 있다""고 설명했다. 이어 ""전체적인 방향은 모빌리티 부분 뿐만 아니라 앞으로도 저희가 해야 될 확장 영역에서 인공지능(AI), 로보틱스, 에너지 등도 지속적으로 해 나갈 생각""이라고 덧붙였다. 사우디아라비아 현지공장의 대해선 의미가 크다고 했다. 사우디아라비아는 중동 최대 자동차 시장이다. 장 부회장은 ""사우디아라비아는 GCC(걸프협력회의) 국가 중 가장 큰 영향력을 가진 시장이며, 향후 북아프리카까지 시장 확장이 가능하다""고 했다. 또 ""자동차 산업에 대해서 사우디아라비아 정부가 상당한 관심을 갖고 있다""면서 ""저희 말고도 두 개 업체가 거의 비슷한 시점에 자동차 산업에 같이 진입을 하게 되는데 이러한 태동기에서 우리의 역할도 분명하리라 본다""고 강조했다. 한편, 이날 착공식에는 반다르 이브라힘 알코라예프 산업광물자원부 장관, 야지드 알후미에드 사우디아라비아 국부펀드 부총재, 문병준 주사우디아라비아 대한민국 대사 대리, 장재훈 현대차그룹 부회장 등 한국과 사우디아라비아 주요 인사와 관계자 200여명이 참석했다. HMMME는 현대차가 30%, 사우디아라비아 국부펀드가 70%의 지분을 보유한 합작 생산법인이며, 내년 4·4분기 가동을 목표로 연간 5만대 규모의 전기차 및 내연기관차를 혼류 생산할 수 있는 공장으로 건설된다. cjk@fnnews.com 최종근 기자",2025-05-15,http://v.daum.net/v/20250515090751486
"""희생양?""…현대차, 트럼프 관세폭격 '내심 반긴다' 말 나오는 까닭"," 트럼프 미국 대통령이 전 세계에 무차별 관세 폭탄을 떨구고 있다. 현대·기아차가 한국에서 가장 큰 피해를 볼 업체 가운데 하나로 보인다. 갑자기 차값의 25%를 관세로 내야 한다. 트럼프는 관세를 피하려면 미국서 차를 만들라고 한다. 현대차는 심각한 표정으로 그리하겠다고 발표했다. 그런데 자동차 업계에선 현대차가 속으로 웃는다는 이야기가 돈다. 왜 위기에 몰린 현대차가 내심 기뻐한다는 말이 나올까. 한번 따져보자. 공장을 지을 때 가장 중요한 것 가운데 하나가 땅이다. 4월 준공식을 가진 ‘현대차 그룹 메타플랜트 아메리카(HMGMA)’ 공장부지는 얼마일까. 답은 ‘0’원이다. 미국 조지아주가 여의도 면적 4배 크기 땅을 무상임대해줬다. HMGMA 권오충 법인장은 준공식 때 ""지금 10만대를 만들 설비를 가동 중이지만 처음 부지를 잡을 때 50만대도 생산 가능할 수 있도록 여유를 뒀다""고 했다. 자동차를 더 만들기 위해 새로 땅을 찾고 인프라 공사를 할 필요가 없다. 그냥 HMGMA에 추가 생산라인을 후딱 세우면 그만이다. 말하자면 공장부지가 공짜다. 공장 경쟁력을 좌우하는 요소로 전기, 도로, 물 등 인프라와 그 사용료를 든다. 그 대표 격인 전기를 보자. 경제협력개발기구(OECD)는 2023년 기준 미국 산업용 전기요금은 메가와트시(㎿h)당 80.5달러라고 밝혔다. 반면 한국은 122.1달러. 미국보다 51.7% 높다. 또 생산비용에서 가장 큰 몫을 차지하는 것 가운데 하나가 임금이다. 2024년 현대차 노동자 평균 임금은 약 1억2400만원. 2024년 미국 자동차 빅 3 평균임금은 8만4000달러, 약 1억1760만원이다. 아무래도 HMGMA 임금은 빅3보다 적다. 쉽게 말해 임금이 오히려 미국이 더 싸다. 게다가 한국에서 만든 차를 미국에서 팔려면 태평양을 건너야 한다. 만만치 않은 시간, 돈이 든다. 얼핏 봐도 미국에서 차를 더 만들어 파는 것이 현대차에 이익이다. 더 자세히 들여다보면 현대차가 웃는 정도가 아니라 만세를 부르고 있을지도 모른다는 생각이 든다. 미국 공장이 생산성까지 높다. 현대차는 메타플랜트에서 차 10만대를 생산하기 위해 880명이 일한다고 했다. 현대차 울산공장에서는 그 3배가 필요하다. 로봇 등 최신설비 덕분이란 설명이다. 미래를 생각해도 미국 생산이 더 이득일 가능성이 높다. 예를 들어 한국 전기료 등 인프라 비용은 계속 치솟을 가능성이 높다. 원자력발전 사업을 중단한 영향이 크다. 그나마 지금은 한전이 손해를 감수하고 가격을 붙잡고 있다. 하지만 버티는 데도 한계가 있다. 한전 부채는 146조원에 달한다. 결국은 원가를 반영해 전기료를 더 올릴 수밖에 없다. 교통 인프라도 마찬가지. 경부고속도로 1㎞를 깔 때 들어간 비용은 1억원이다. 지금은 고속도로 1㎞를 만들 때 들어가는 비용이 300억원이 넘는다. 조지아주는 고속도로를 공장 앞까지 끌어당겨 놓았다. 나아가 공장 근처에 신공항을 세우겠다고 발표했다. 2007년 문을 연 무안공항 공사비가 3000억원이었다. 지금 공항을 만들려면 조 단위 돈이 필요할 것이다. 한국에서 아무리 큰 공장을 지어도 이런 대우를 기대하기는 힘들다. 사실 현대차는 과거부터 미국에서 자동차를 더 많이 만들고 싶었다. 예를 들어 2019년과 2021년 팰리세이드를 미국에서 생산하려고 했지만, 노조 반대로 고배를 마셨다. 하지만 이번엔 노조가 미국 공장 증설을 막을 명분이 없어 보인다. 정의선 회장은 HMGMA 준공식에서 ""현대차그룹은 단지 공장을 짓기 위해 이곳에 온 게 아니라, 뿌리를 내리기 위해 왔다""고 했다. 현대차는 미국에 뿌리를 내리고 더 높게 올라갈 수 있다. 하지만 대형 제조업체가 해외로 나가면 수출로 먹고사는 주식회사 대한민국은 뿌리가 흔들린다. 이제 노조가 아니라 정부가 뭔가 대책을 내놔야 한다. 백강녕 IT스페셜리스트 young100@asiae.co.kr",2025-05-16,http://v.daum.net/v/20250516120042938
"HD현대 ""美항만 점령 中크레인 교체하겠다"""," 정기선 HD현대 수석부회장이 16일 제이미슨 그리어 미국 무역대표부(USTR) 대표를 만나 계열사인 HD현대삼호의 항만용 크레인 공급 방안을 제안해 관심이 모이고 있다. 미국 내 주요 항구에 설치된 하역용 크레인을 중국산이 독점하고 있는 데서 비롯된 미국 안보 위협론의 해결사로 나선 것이다. 정 수석부회장은 이날 그리어 대표와 만나 한미 간 조선산업 협력 방안을 논의하는 자리에서 HD현대삼호의 크레인 제조 역량을 소개하며 미국과의 협력을 강화할 것을 제안했다고 HD현대가 전했다. HD현대삼호는 조선 사업 외에 산업설비 부문에서 크레인 제조 사업도 하고 있다. 중국산이 국내 크레인 시장 대부분을 차지한 상황에서 HD현대삼호는 2020년과 지난해 두 차례에 걸쳐 부산신항에서 컨테이너 크레인 제작·설치 사업을 수주했고, 싱가포르항에서 크레인 설치 계약도 주문받았다. HD현대 관계자는 ""HD현대삼호는 전 공정을 자체 수행할 수 있는 사업 역량을 갖췄고 대형 컨테이너 크레인을 연간 10기 제작할 수 있다""면서 ""이번에 미국에 제안한 것도 업체의 역량과 미국 내 목소리를 고려해 결정한 것""이라고 설명했다. 업계에 따르면 미국은 조 바이든 전임 행정부 시절부터 중국산 항만 하역용 크레인의 독점 실태를 주시하며 우려해왔다. 미국 정부는 자국 크레인 업체를 통해 중국산을 대체하려는 정책을 검토하고 있다. 앞서 USTR은 지난달 17일 중국산 하역용 크레인에 100% 추가 관세를 부과하겠다는 계획을 발표했다. 또 도널드 트럼프 미국 대통령도 지난달 9일 '조선업 재건과 중국 견제 방안'을 골자로 하는 행정명령을 통해 미국 전역 항구에서 운용 중인 중국산 하역 크레인이 미국 안보에 위협이 되고 있다고 지적했다. 이번에 HD현대가 미국 통상장관과의 면담에서 크레인 공급을 공식 제안한 것을 두고 한미 조선 협력 범위가 확대되는 신호라는 해석도 나온다. 그리어 대표는 이날 K조선의 양대 조선소 최고위급 인사와 연이어 만나 미국 조선업 재건이 트럼프 대통령의 핵심 어젠다라는 것을 여실히 보여줬다. 김희철 한화오션 대표는 그리어 대표에게 ""한화오션은 미국 조선산업 재도약을 함께 실현해나가는 전략적 파트너가 되고자 한다""며 ""미국 현지에 검증된 기술과 스마트 생산 체계를 적용해 경쟁력 강화를 지원하겠다""고 말했다. 한화오션은 ""거제사업장의 스마트 생산 시스템을 미국 필리조선소에 적용할 계획이며 미국 내 추가로 생산 거점을 설립하는 것도 검토하고 있다""고 설명했다. 한화오션은 국내 조선소로는 처음으로 미국 해군의 '월리 시라호'(군수지원함) 유지·보수·정비(MRO) 사업을 수주해 지난 3월 성공적으로 마무리했다. 한화오션 거제조선소에서는 두 번째 MRO 사업으로 수주한 미국 해군 '유콘호'도 정비를 받고 있는데 이달 말까지 수리가 완료될 예정이다. [안두원 기자]",2025-05-16,http://v.daum.net/v/20250516180307733
"HD현대·한화오션, 美 조선업 협력 의지보였다","  16일 업계에 따르면 HD현대와 한화오션은 방한 중인 제이미슨 그리어 미국 무역대표부(USTR) 대표와 각각 만나 협력 방안에 대해 논의했다. 이번 면담은 미국의 요청으로 이뤄진 것으로, 향후 이어질 한미 고위급 통상 협의에서 한국 조선업이 합의를 이끌 '키'로 다시 한번 부상하는 데 힘을 싣게 됐다. 정기선 HD현대 수석부회장은 HD현대중공업과 '함정 동맹'을 맺은 미국 방산 조선사 헌팅턴 잉걸스사 간의 협력 사례를 그리어 대표에게 소개했다. 공동 기술 개발, 선박 건조 협력, 기술 인력 양성 등의 구체적인 협력 방안을 제시하며 양국 간 조선산업 협력 확대 필요성을 강조했다. 또 미국 내 중국산 항만 크레인(안벽 컨테이너 크레인)의 독점적 공급 문제와 관련해서는 HD현대 계열사인 HD현대삼호의 크레인 제조 역량이 있는 점을 소개하며 공급망 확대를 위한 협력 강화도 제안했다. 현재 미국 항만에서 쓰이는 컨테이너 크레인의 약 80%는 중국 제품인데, 미국은 중국산 크레인이 국가 안보에 잠재적인 위협을 미칠 수 있다는 우려로 점유율을 줄이는 방안을 추진하고 있다. 미국 정부는 5년 간 200억달러(약 27조원)를 들여 항만 크레인 교체를 추진할 계획이다. 이에 업계에서는 한미 조선 협력이 강화되면 항만 크레인도 협력 아이템으로 부상할 수 있다는 기대가 나온다. 정 수석부회장은 ""HD현대는 미국의 조선산업 재건 의지와 노력을 높게 평가하고 있다""며 ""이를 위한 모든 준비를 한 만큼 필요한 역할이 있다면 기꺼이 참여할 것""이라고 말했다. 김희철 한화오션 대표이사는 미국 내 조선 생산 기반 확대와 기술 이전 방향을 중심으로 공급망 안정과 산업 경쟁력 강화를 위한 한화오션의 전략을 설명했다. 한화오션은 거제 사업장의 스마트 생산 시스템을 지난해 말 인수한 미국 필리조선소에 적용할 계획이다. 이를 통해 현지에서도 높은 수준의 선박 건조 기술과 생산성을 구현할 수 있는 기반을 마련한다는 구상이다. 또 다양한 수요와 장기적인 생산 역량 확보를 고려해 미국 내 추가 생산 거점 설립도 검토 중이다. 이번 논의에서는 조선산업 공급망 재편과 관련한 미국 정부의 정책 방향성과 이에 대한 기업 차원의 대응 방향 및 협력 의지도 공유했다. 김 대표이사는 ""한화오션은 기술 이전과 생산 기반 구축을 넘어 미국 조선산업의 재도약을 함께 실현해 나가는 전략적 파트너가 되고자 한다""며 ""검증된 기술과 스마트 생산 체계를 기반으로 미국 현지에서도 실질적인 협력 성과를 만들어 나가겠다""고 말했다. #HD현대 #한화오션 ggg@fnnews.com 강구귀 기자",2025-05-16,http://v.daum.net/v/20250516182508290
"美 무역대표부, 'HD현대' 정기선·'한화오션' 김희철 회담(종합)","국내 조선업계 인사 첫 공식 회담…관세 협상 '지렛대' 기대  16일 업계에 따르면 정기선 HD현대 대표이사 수석부회장은 이날 오전 제주에서 제이미슨 그리어 USTR 대표와 만났다. 그리어 대표는 15~16일 아시아태평양경제협력체(APEC) 통상장관회의에 참석하고자 방한했다. 정 수석부회장은 그리어 대표에게 HD현대중공업과 미국 최대 방산 조선사 헌팅턴 잉걸스 간 협력 사례를 소개하며 △공동 기술개발 △선박 건조 협력 △기술 인력 양성 등 구체적인 협력 방안을 제시한 것으로 파악됐다. HD현대는 지난달 7일(현지시간) 헌팅턴 잉걸스와 '선박 생산성 향상 및 첨단 조선 기술 협력을 위한 양해각서(MOU)'를 체결했다. 헌팅턴 잉걸스는 미국 중남부 미시시피주에 미국 최대 수상함 건조 조선소 잉걸스 조선소를 운영하고 있다. 정 수석부회장은 이날 미국 내 중국산 항만 크레인의 독점 공급 문제와 관련해 HD현대 계열사 HD현대삼호 크레인 제조 역량을 소개한 것으로 전해졌다. 골리안 크레인을 설계·제작·운송·설치 시운전까지 일괄 수행하는 업체는 국내에서 HD현대삼호가 유일하다. 정 수석부회장은 그리어 대표에게 공급망 확대를 위한 미국과의 협력 강화를 제안했다. 그는 ""HD현대는 미국의 조선산업 재건 의지와 노력을 높게 평가하고 있다""라며 ""모든 준비가 된 만큼 필요한 역할이 있다면 기꺼이 참여할 것""이라고 강조했다. 그리어 대표는 이날 오후 김희철 한화오션 대표이사를 만났다. 김 대표는 미국 내 조선 생산 기반 확대와 기술 이전 방향을 중심으로 공급망 안정과 산업 경쟁력 강화를 위한 전략을 설명했다. 조선산업 공급망 재편과 관련해 기업 차원 대응 방향과 협력 의지도 드러냈다.  한화오션은 지난해 8월 국내 조선소 최초로 미국 해군 군수지원함 윌리 쉬라호 MRO(유지·보수·정비) 사업을 수주했다. 한화오션은 정비 과정에서 새로운 소요를 발견해 추가 매출을 보장받는 수정 계약을 맺기도 했다. 한화오션은 필리조선소를 바탕으로 미국 조선 시장에서 성장 동력을 창출하고 글로벌 해양 방산 산업 입지를 강화하겠다는 입장이다. 한화는 미국 앨라배마 모빌과 캘리포니아 샌디에이고 등에 시설을 보유한 호주 오스탈 지분 9.9%를 직접 매수하는 등 19.9% 지분 투자 중이다. 김희철 대표이사는 ""한화오션은 기술 이전과 생산 기반 구축을 넘어 미국 조선산업의 재도약을 함께 실현해 나가는 전략적 파트너가 되고자 한다""라며 ""검증된 기술과 스마트 생산 체계를 기반으로, 미국 현지에서도 실질적인 협력 성과를 만들어 나가겠다""고 밝혔다. HD현대와 한화는 트럼프 대통령이 재선 성공 이후 한국 조선업 협력을 언급하면서 연이어 미국 정부 인사와 접촉하고 있다. 존 필린 미국 해군성 장관은 지난달 30일 HD현대중공업 울산 사업장과 한화오션 거제 사업장을 방문했다. 필린 장관은 HD현대중공업 울산 사업장에서 정 수석부회장을 만난 뒤 ""우수한 역량을 갖춘 조선소와 협력한다면 적시 유지·보수 활동이 가능해 미 해군 최고 성능을 발휘할 수 있을 것""이라고 말했다. 한화오션 거제 사업장에서 김동관 한화 부회장을 만난 뒤에는 ""미국 해군과 한국 해양 산업과의 관계는 선박 정비를 넘어 양국 의지를 굳건히 받쳐주는 초석""이라며 ""양국 간 동맹 관계를 더욱 강화할 것""이라고 강조했다. bell@tf.co.kr 발로 뛰는 더팩트는 24시간 여러분의 제보를 기다립니다.▶카카오톡: '더팩트제보' 검색▶이메일: jebo@tf.co.kr▶뉴스 홈페이지: http://talk.tf.co.kr/bbs/report/write",2025-05-16,http://v.daum.net/v/20250516162222658
전북현대 콜라보 무슨 일⋯전북 에디션 한정 판매," 전북현대모터스FC가 브랜드 컬래버레이션 프로젝트를 통해 '전북현대' 에디션을 한정 판매하는 것으로 알려지면서 관심이 모인다. 국내 대표 브랜드 무신사·하이트 진로와 손을 잡았다. 전북현대는 JB Homies; 너×나=우리라는 컬래버레이션 아이템을 개발했다고 16일 밝혔다. 최근 굿즈를 통해 팬심을 적극 표현하는 젊은 스포츠 팬의 트렌드를 반영해 라이프 스타일에 전북현대를 적용한 무신사 전주성 티셔츠, 하이트 진로 테라 전북현대 에디션 상품을 출시한다. 무신사 전주성 티셔츠는 국내 최대 패션 플랫폼인 무신사가 전북현대 홈구장인 전주성(전주월드컵경기장)을 그래픽 디자인해 제작한 티셔츠다. 오는 19일 오전 11시 무신사 전북현대 브랜드숍을 통해 단독 판매하며 수량은 검정·하양 각각 100장 씩 한정 판매한다. 테라 전북현대 에디션은 전북현대 유니폼 배번에 적용된 도트 그래픽을 맥주 캔에 디자인했다. 오는 21일부터 도내 중심 대형마트, 중소형 마트에서만 구매가 가능하다. 24만 캔 한정 수량으로 제작되는 해당 에디션은 전북현대·테라 대표 색깔인 녹색으로 동일해 더욱더 많은 팬들의 많은 사랑을 받을 전망이다. 이도현 전북현대 단장은 ""전북현대가 팬들의 라이프 스타일에 더욱더 가까이 다가가는 좋은 계기가 될 것이다. 팬들이 더 다양하고 많은 곳에서 전북현대의 브랜드를 접하고 경험할 수 있도록 지속적인 노력을 하겠다""고 말했다.",2025-05-16,http://v.daum.net/v/20250516153650993
"현대차, '중동 최초' 사우디 공장 착공…내년 4분기 가동"," 현대차는 14일(현지시간) 사우디아라비아 킹 살만 자동차 산업단지에 위치한 현대차 사우디아라비아 생산법인(HMMME) 부지에서 공장 착공식을 개최했다고 밝혔다. 킹 살만 자동차 산업단지는 사우디아라비아가 자동차 산업 발전을 목표로 킹 압둘라 경제도시(KAEC, King Abdullah Economic City)에 신규 조성한 사우디아라비아 자동차 제조 허브다. HMMME는 현대차가 30%, 사우디아라비아 국부펀드가 70%의 지분을 보유한 합작 생산법인이며, 내년 4·4분기 가동을 목표로 연간 5만대 규모의 전기차 및 내연기관차를 혼류 생산할 수 있는 공장으로 건설된다. 이날 착공식에는 반다르 이브라힘 알코라예프 산업광물자원부 장관, 야지드 알후미에드 사우디아라비아 국부펀드 부총재, 문병준 주사우디아라비아 대한민국 대사 대리, 장재훈 현대차그룹 부회장 등 한국과 사우디아라비아 주요 인사와 관계자 200여 명이 참석했다. 야지드 알후미에드 사우디아라비아 국부펀드 부총재는 ""HMMME는 사우디아라비아 자동차 산업 발전을 위한 중요한 이정표가 될 것""이라며 ""현대차와의 지속적인 파트너십을 통해 사우디아라비아 모빌리티 생태계 성장을 가속화하겠다""라고 말했다. 야지드 알후미에드 부총재는 ""현대차와의 협력은 사우디아라비아 자동차 산업의 기술 역량 강화와 우수 인재 육성을 위한 사우디아라비아 국부펀드의 확고한 의지를 입증하는 사례""라고 덧붙였다. 장재훈 부회장은 축사에서 ""이번 착공식은 현대차와 사우디아라비아 모두에게 새로운 시대의 시작을 의미한다""며 ""우리는 미래 모빌리티와 기술 혁신의 새로운 장을 열기 위한 초석을 놓을 것""이라고 강조했다. 이어 ""HMMME가 사우디아라비아의 ‘비전 2030’에 부응해 모빌리티 기술 개발 역량을 갖춘 현지 인재 양성 등에도 기여할 수 있기를 바란다""고 덧붙였다. cjk@fnnews.com 최종근 기자",2025-05-15,http://v.daum.net/v/20250515083544281
美 무역대표부 만난 HD현대·한화…한미 조선 협력 급물살(종합),"[이데일리 김은경 기자] 국내 대표 조선사를 보유한 HD현대그룹과 한화가 미국무역대표부(USTR) 대표와 만나 한·미 조선업 협력 방안에 대해 논의했다. 이번 회동으로 양국 간의 실질적인 조선 협력 논의가 급물살을 탈 것으로 기대를 모은다. 16일 HD현대에 따르면 정기선 수석부회장은 이날 오전 미국무역대표부(USTR) 제이미슨 그리어 대표와 만났다. 국내 조선업계에서 USTR 대표와 공식 회담을 가진 것은 이번이 처음이다. USTR 대표단은 아시아태평양경제협력체(APEC) 통상장관 회의 참석을 위해 방한했다.  또한 미국 내 중국산 항만 크레인의 독점적 공급 문제와 관련, HD현대의 계열사인 HD현대삼호의 크레인 제조 역량을 소개하며 공급망 확대를 위한 미국과의 협력 강화를 제안했다. 정 수석부회장은 “HD현대는 미국의 조선산업 재건 의지와 노력을 높게 평가하고 있다”며 “이를 위한 모든 준비를 갖춘 만큼 필요한 역할이 있다면 기꺼이참여할 것”이라고 말했다. 제이미슨 그리어 USTR 대표는 트럼프 대통령 1기 행정부 시절 로버트 라이트하이저 USTR 대표의 비서실장을 역임하며 미·중간 공정 무역을 위한 협상을 주도한 바 있다.  한화오션은 거제사업장의 스마트 생산 시스템을 미국 필리조선소에 적용할 계획이며 이를 통해 현지에서도 높은 수준의 선박 건조 기술과 생산성을 구현할 수 있는 기반을 마련하고 있다. 다양한 수요와 장기적인 생산 역량 확보를 고려해 미국 내 추가적인 생산 거점 설립도 검토 중이다. 이번 논의에서는 조선산업 공급망 재편과 관련한 미국 정부의 정책 방향성을 포함해 이에 대한 기업 차원의 대응 방향과 협력 의지도 함께 공유됐다. 김 대표는 “한화오션은 기술 이전과 생산 기반 구축을 넘어 미국 조선산업의 재도약을 함께 실현해 나가는 전략적 파트너가 되고자 한다”며 “검증된 기술과 스마트 생산 체계를 기반으로 미국 현지에서도 실질적인 협력 성과를 만들어 나가겠다”고 했다. 한화오션과 한화시스템은 지난해 12월 한국 기업 최초로 미국 필리조선소를 인수해 한국 기업 최초로 미국 조선업에 진출한 바 있다. 한화는 미국 앨라바마주 모빌과 캘리포니아주 샌디에이고 등에 조선 시설을 보유하고 있는 호주 오스탈사(社) 지분 9.9%를 직접 매수하는 등 19.9%에 이르는 오스탈 지분 투자도 진행 중이다. 김은경 (abcdek@edaily.co.kr)",2025-05-16,http://v.daum.net/v/20250516165857004
"현대차·기아, 서울대와 스마트팩토리 공장 구현 '맞손'","(지디넷코리아=김재성 기자)현대자동차·기아와 서울대학교가 제조 기술 혁신을 위해 손을 잡는다. 현대차·기아 제조솔루션본부 E-FOREST센터는 서울대학교 정밀기계설계 공동연구소와 지난 13일 서울대 차세대자동차연구센터(서울 관악구 소재)에서 '소프트웨어 중심 공장(SDF) 구현을 위한 MOU'를 체결했다고 16일 밝혔다. E-FOREST는 고객의 가치를 실현하기 위해 모든 것을 유기적으로 연결해 제조시스템의 혁신을 추구하는 현대차·기아의 스마트공장 브랜드다.  현대차·기아는 인공지능(AI)과 로봇을 활용한 자동화 기술 및 인간친화적인 스마트 기술을 도입해 제조 시스템을 혁신하고 나아가 모빌리티 산업 전체를 고도화하는 것을 목표하고 있다. 이번 협약에 따라 현대차·기아와 서울대학교는 SDF 구현을 위한 핵심 기술의 공동 연구, 개발에 협력하기로 했다. 구체적인 협력 분야는 ▲제조 인공지능(Manufacturing AI) ▲제조특화 대규모 언어모델(LLM) ▲예지보전(PHM) ▲디지털 트윈 ▲시뮬레이션 기반 생산 최적화 등이다. 이재민 현대차·기아 E-FOREST 센터장 상무는 ""서울대와의 협력을 통해 스마트 팩토리 구현을 위한 핵심 기술 경쟁력을 강화하고, 글로벌 제조 혁신을 가속화할 수 있을 것으로 기대한다""고 말했다. 안성훈 서울대 정밀기계설계공동연구소 소장 교수는 ""서울대의 혁신적인 로보틱스, AI에 기반한 자율제조 기술을 현대차의 글로벌 모빌리티 제조 환경에 접목해 차세대 스마트 제조 생태계 구축에 기여하겠다""고 말했다. 김재성 기자(sorrykim@zdnet.co.kr)",2025-05-16,http://v.daum.net/v/20250516120106949
"전북, '무신사 전주성 티셔츠'·'테라 전북현대 에디션' 출시"," (서울=뉴스1) 임성일 스포츠전문기자 = K리그1 전북현대가 브랜드 컬래버레이션 프로젝트를 실시한다. 전북은 구단 굿즈를 통해 팬심을 적극 표현하는 젊은 스포츠팬들의 트렌드를 반영, 라이프 스타일에 전북현대를 적용한 '무신사 전주성 티셔츠'와 '테라 전북현대 에디션' 상품을 출시한다고 16일 밝혔다. 전북은 '친한 친구'를 뜻하는 'Homies(호미스)'를 프로젝트 타이틀에 적용, 'JB Homies; 너 × 나 = 우리'라는 명칭으로 컬래버레이션 아이템을 개발했다고 전했다. '무신사 전주성 티셔츠'는 국내 최대 패션 플랫폼 무신사가 전북현대의 홈구장인 전주성(전주월드컵경기장)을 그래픽 디자인해 제작한 티셔츠다. '무신사 전주성 티셔츠'는 19일 오전 11시 무신사 전북현대모터스FC 브랜드숍을 통해 단독 판매하며 수량은 블랙과 화이트 각각 100장 한정이다.  하이트진로와 협업해 제작된 '테라 전북현대 에디션'은 전북현대 유니폼 배번에 적용된 도트 그래픽을 맥주 캔에 디자인해 만들었다. 구단은 ""전북현대와 테라는 시그니처 컬러가 녹색으로 동일해 디자인의 조화가 더욱 어우러졌다""고 설명했다. '테라 전북현대 에디션'은 24만 캔 한정 수량으로 제작됐고 21일부터 전라북도 내 대형마트와 중소형 마트에서만 구매할 수 있다. 전북현대 이도현 단장은 ""이번 프로젝트로 전북현대가 팬들의 라이프 스타일에 더욱 가까이 다가가는 좋은 계기가 될 것""이라며 ""팬들이 더 다양하고 많은 곳에서 전북현대의 브랜드를 접하고 경험할 수 있도록 지속적인 노력을 하겠다""고 말했다. lastuncle@news1.kr",2025-05-16,http://v.daum.net/v/20250516143343410
"전북 현대, 'JB Homies; 너×나 = 우리' 브랜드 컬래버레이션 프로젝트 실시","  [인터풋볼] 박윤서 기자 = 전북현대모터스FC(이하 전북현대)가 브랜드 컬래버레이션 프로젝트를 실시한다. 전북현대가 국내 대표 브랜드와 함께 '친한 친구'를 뜻하는 'Homies(호미스)'를 이번 프로젝트 타이틀에 적용해 'JB Homies; 너 × 나 = 우리' 이름으로 컬래버레이션 아이템을 개발했다. 전북현대는 구단 굿즈를 통해 팬심을 적극 표현하는 젊은 스포츠 팬들의 트렌드를 반영해 라이프 스타일에 전북현대를 적용한 '무신사 전주성 티셔츠'와 '테라 전북현대 에디션' 상품을 출시한다. 먼저 '무신사 전주성 티셔츠'는 국내 최대 패션 플랫폼 무신사가 전북현대 홈구장인 전주성을 그래픽 디자인해 제작한 티셔츠다. '무신사 전주성 티셔츠'는 오는 19일(월) 오전 11시 무신사 전북현대모터스FC 브랜드숍을 통해 단독 판매하며 수량은 블랙과 화이트 각각 100장씩 한정 판매한다. 두 번째 아이템으로 하이트진로와 협업해 제작된 '테라 전북현대 에디션'은 전북현대 유니폼 배번에 적용된 도트 그래픽을 맥주 캔에 디자인해 만든 맥주다. 특히 전북현대와 테라는 시그니처 컬러가 녹색으로 동일해 디자인의 조화가 더욱 어우러져 성인 팬들의 많은 사랑을 받을 것으로 보인다. '테라 전북현대 에디션'은 24만 캔 한정 수량으로 제작되며 오는 21일(수)부터 전라북도 내 중심의 대형마트와 중소형 마트에서만 구매가 가능하다. 전북현대 이도현 단장은 ""이번 프로젝트로 전북현대가 팬들의 라이프 스타일에 더욱 가까이 다가가는 좋은 계기가 될 것""이라며 ""팬들이 더 다양하고 많은 곳에서 전북현대의 브랜드를 접하고 경험할 수 있도록 지속적인 노력을 하겠다""고 말했다.  ",2025-05-16,http://v.daum.net/v/20250516140632185
"푸본현대생명, 고객과 함께하는 '푸본현대생명 데이' 진행"," 푸본현대생명은 오는 16일 광주-기아챔피언스필드에서 고객과 함께하는 '푸본현대생명 데이(DAY)' 행사를 시행한다고 밝혔다. 이번 '푸본현대생명 데이(DAY)' 행사는 경기 시작 2시간전부터 시작되며 야구장을 찾는 야구팬들과 함께 다양한 행사와 경품 이벤트가 진행된다. 경기장 입장 전 푸본현대생명 부스를 방문해 이벤트 참여시 선착순 1000명에게 푸본현대생명 캐릭터 푸니 보니가 새겨진 기념품을 전달하고, 추첨을 통해 KIA타이거즈 굿즈 등 경품도 지급한다. 경기 중에는 푸본현대생명 임직원이 시구와 시타자로 나서고, 푸본현대생명 캐릭터인 푸니, 보니와 가위바위보 이벤트가 진행된다. 이번 행사에는 푸본현대생명 영업가족 및 고객 등 200여명이 참여하며, 대만 푸본 스포츠&엔터테인먼트(Fubon Sports & Entertainment) 소속 푸본 엔젤스(Fubon Angels) 응원단도 함께 참여한다. 푸본 스포츠&엔터테인먼트는 대만에서 푸본 가디언스(Fubon Guardians) 야구단과 푸본 브레이브스(Fubon Braves) 농구단, 푸본 엔젤스 응원단을 운영하고 있다. 구단주는 푸본금융지주(Fubon Financial Holding)다. 푸본현대생명 관계자는 “야구 팬뿐만 아니라, 푸본현대생명 고객을 위한 뜻깊은 행사를 진행하게 됐다”며 “앞으로도 고객과 함께 긍정에너지를 나눌 수 있는 다양한 행사를 마련할 예정”이라 전했다. 박진혁 기자 spark@etnews.com",2025-05-15,http://v.daum.net/v/20250515152203914
"'영업정지' HDC현대산업개발 ""가처분 신청…용산 등 수주 지장 없을 것""","입찰 참여한 용산1구역, 다음 달 중순 시공사 선정 앞둬  16일 HDC현대산업개발 관계자는 이날 서울시의 행정처분과 관련해 ""직원, 협력사, 고객, 투자자를 위해서 즉시 행정처분에 대한 집행정지 가처분 신청을 하고 행정처분 취소소송을 통해 대응하겠다""며 ""향후 정비사업 수주에도 지장이 없을 것""이라고 말했다. 서울시는 이날 HDC현대산업개발에 광주 화정아이파크 외벽 붕괴 사고와 관련해 토목건축공사업에 대한 영업정지 1년의 행정처분을 내렸다. 영업정지 기간은 올해 6월 9일부터 내년 6월 8일까지다. HDC현대산업개발은 2022년 1월 11일 광주 서구 화정동 아이파크 신축 공사 현장에서 바닥면, 천장, 내외부 구조물이 무너지는 사고를 냈다. 이 사고로 현장 작업자 6명이 숨지고 1명이 다쳤다. 이번 행정처분으로 용산정비창 전면1구역 재개발 사업 수주 가능 여부에도 관심이 쏠리고 있다. 통상 법원은 건설사의 가처분 신청을 받아들이는 경향을 보여왔기에 HDC현대산업개발의 업무가 곧바로 정지되지 않아 큰 문제는 없을 전망이다. HDC현대산업개발도 ""집행정지 가처분 신청이 받아들여지면 행정처분 취소소송 판결 시까지 당사의 영업활동에 영향이 없을 것""이라며 ""향후 영업정지 효력이 발생하더라도 이전에 도급계약을 체결했거나, 관계 법령에 따라 허가·인가 등을 받아 착공한 공사의 경우 영향을 받지 않고 진행할 수 있다""고 설명했다. 현재 HDC현대산업개발은 현재 용산정비창 전면1구역 재개발 사업을 두고 포스코이앤씨와 수주전을 펼치고 있는 상황이다. 용산정비창 전면1구역 재개발 조합은 6월 중순 시공사 선정 총회를 열 예정이다. 앞서 HDC현대산업개발은 광주 학동 재개발 철거현장 붕괴사고와 관련해 서시로부터 8개월의 영업정지 처분을 받았으나, 집행정지 가처분 신청과 처분취하소송을 제기하고 영업을 이어왔다. 이 사고와 관련해서는 1심(서울행정법원)이 HDC현대산업개발에 중대한 과실이 있다고 판단해 지난달 21일 원고패소판결을 내린 바 있다. 현재 이 재판은 HDC현대산업개발이 항소해 항소심이 진행 중이다. mnmn@tf.co.kr 발로 뛰는 더팩트는 24시간 여러분의 제보를 기다립니다.▶카카오톡: '더팩트제보' 검색▶이메일: jebo@tf.co.kr▶뉴스 홈페이지: http://talk.tf.co.kr/bbs/report/write",2025-05-16,http://v.daum.net/v/20250516162041579
"현대건설 '마이 힐스', 기존 입주 단지로 확장"," [스포츠한국 홍여정 기자] 현대건설은 힐스테이트 입주민 전용 서비스 플랫폼 '마이 힐스'를 '힐스테이트 인덕원역 베르텍스'에 첫 적용하고 기존 입주단지로 확장을 본격화한다고 16일 밝혔다. 마이 힐스는 분양·계약정보 조회부터 스마트홈 제어, 커뮤니티 예약, A/S 접수, 차량 및 방문자 관리, 에너지 사용량 확인 등 단지 특성에 따라 스마트홈 기술과 주거 서비스를 손쉽게 이용할 수 있는 모바일 어플리케이션이다. 지난해 12월 출시 이후, 힐스테이트 관악센트씨엘 등 9개 신축 준공단지에 우선적으로 적용해 왔다. 단지 특성에 따라 최대 38개의 주거 서비스를 제공하며 '우리집', '단지생활', '마이', '힐스테이트' 등 4개 분야로 구성된다. '우리집' 영역에서는 홈네트워크 기반 가전 제어, 방범모드, 전기차 충전 이력 확인, 방문차량 등록 등 다양한 하이오티(Hi-oT) 스마트홈 기능이 적용된다. 또한 '단지생활'을 통해 커뮤니티 시설 예약, 전자투표, 설문조사는 물론, 물품 거래나 재능기부가 가능한 입주민 전용 프라이빗 커뮤니티(H 나눔터) 기능이 제공돼 공동체 기반의 주거문화 활성화를 지원한다. 신규 입주단지에 적용된 마이 힐스에서는 입주자 사전 점검시에 제공되는 입주 선물 패키지 '힐스 웰컴키트'와 입주 당일에 제공되는 프리미엄 도시락 '힐스 웰컴밀' 예약이 가능하다. 현대건설은 도입을 희망하는 힐스테이트 단지를 대상으로 우선 적용을 추진하고, 현대건설이 주관사로 참여했던 아파트 단지(현대아파트, 현대홈타운, 컨소시엄 단지 등)까지 디지털 주거 서비스를 확대할 계획이다. 현대건설 관계자는 ""고객 맞춤형 서비스 플랫폼 마이 힐스를 기존 입주단지에 적용함으로써 더 많은 고객들에게 진화하는 스마트홈 기술과 다양화되는 주거 서비스 경험을 제공하고자 했다"" 며 ""변화하는 디지털 트렌드와 라이프 스타일에 맞춰 차별화된 주거상품과 서비스를 지속적으로 선보일 것""이라고 밝혔다. 한편, 현대건설은 건설사 최초로 스마트홈 시스템 하이오티(Hi-oT)와 AI 기반 보이스홈 등 첨단주거 기술을 적용했으며, 미래형 건강주택인 '올라이프케어 하우스(All Life-care House)'의 실증시설을 구축하는 등 혁신적인 주거 솔루션 개발에 앞장서고 있다.  스포츠한국 홍여정 기자 duwjddid@hankooki.com",2025-05-16,http://v.daum.net/v/20250516151759280
"[단독] 판매실적·시장점유율·주가 '빨간불'에...현대차, 인도에 실사단 급파"," 16일(현지시간) 현지 언론에 따르면 현대차는 최근 판매, 마케팅, 재무, 상품개발 등 다양한 부서에서 구성된 실사단을 파견해 인도 법인 사업 점검에 나선 것으로 파악됐다. 업계에서는 현대차 임원들의 인도 방문이 드문 일이 아니지만, 부서 간 협업팀이 한꺼번에 구체적인 시장 경쟁 현황을 점검하기 위해 파견된 것은 이번이 처음이란 반응이다. 인도 경제매체 이코노믹타임즈(ET)는 한 소식통을 인용해 ""현대차 본사는 마힌드라 등 현지 브랜드에 대한 선호 증가를 면밀히 주시하고 있다""라고 전했다. 현대차는 인도시장에 2025 회계연도 기준 점유율이 14%로 2013 회계연도 이후 가장 낮은 수준을 기록했다. 현대차는 오랫동안 마루티 스즈키에 이어 인도 승용차 시장 2위를 유지해왔으나, 현재 그 지위마저 위협받고 있다. 특히 인기 스포츠유틸리티차량(SUV) 모델 '크레타'가 선전했음에도 불구하고, 현대차는 지난 2월 한때 3위로 내려앉았다. 이후 3월에 다시 2위를 회복한 뒤 4월에는 마힌드라와 타타에 밀려 4위로 하락했다. 올해 회계연도 기준 2위를 유지하고는 있지만, 경쟁 심화로 인해 이 지위는 점점 더 불안정해지고 있다. 4월 판매 실적도 부진하다. 총 출하량은 전년 동기 대비 4.6% 감소한 6만0774대를 기록했으며, 이 가운데 국내 판매는 11.6% 감소한 4만4374대를 나타냈다. 같은 기간 마힌드라는 5만2330대, 타타는 4만5199대를 판매해 현대차를 앞섰다. 소매 판매에서도 현대차는 4만5350대로 마힌드라(4만7800대), 타타(4만6000대)에 뒤처졌다. 2025 회계연도 기준으로는 마루티 스즈키가 40%의 시장 점유율로 선두를 지켰으며, 현대차가 2위, 마힌드라가 13%로 3위를 차지했다. 시장 점유율 하락에 대한 내부 우려는 호세 무뇨스 현대차 최고경영자(CEO)의 첫 인도 방문 중에도 드러났다. 무뇨스 사장은 타운홀 미팅에서 인도 시장의 전략적 중요성을 강조하며 빠른 성장을 주문한 것으로 알려졌다. 타룬 가르그 현대차 인도법인의 최고운영책임자(COO)는 ET에 ""점유율 하락은 고기저효과, 제품 수명 주기, 신규 진입자와의 경쟁 격화 등이 복합적으로 작용한 결과""라고 설명했다. 그는 이어서 마하라슈트라 주 탈레가온에 건설 중인 새로운 공장이 올해 하반기 가동될 예정이라며, 이 공장이 국내외 수요 대응에 큰 도움이 될 것이라고 밝혔다. 현재 타밀나두 스리페룸부두르에 위치한 기존 공장은 가동률이 90%를 초과한 상태다. rejune1112@fnnews.com 김준석 기자 , 프라갸 아와사티 통신원",2025-05-16,http://v.daum.net/v/20250516201726262
